<?xml version="1.0" encoding="UTF-8"?>
<beans xmlns="http://www.springframework.org/schema/beans"
	xmlns:xsi="http://www.w3.org/2001/XMLSchema-instance"
	xmlns:aop="http://www.springframework.org/schema/aop"
	xmlns:p="http://www.springframework.org/schema/p"
	xmlns:context="http://www.springframework.org/schema/context"
	xsi:schemaLocation="http://www.springframework.org/schema/beans 
  	http://www.springframework.org/schema/beans/spring-beans-3.0.xsd
 	http://www.springframework.org/schema/context
 	http://www.springframework.org/schema/context/spring-context-3.0.xsd
 	http://www.springframework.org/schema/aop 
	http://www.springframework.org/schema/aop/spring-aop-3.0.xsd">

	<aop:aspectj-autoproxy />

	<context:component-scan
		base-package="com.training" />

	<bean id="viewResolver"
		class="org.springframework.web.servlet.view.UrlBasedViewResolver">
		<property name="viewClass"
			value="org.springframework.web.servlet.view.JstlView" />
		<property name="prefix" value="/" />
		<property name="suffix" value=".jsp" />
	</bean>
	
		<bean id="ds"
		class="org.springframework.jdbc.datasource.DriverManagerDataSource">
		<property name="driverClassName"
			value="oracle.jdbc.driver.OracleDriver" />
		<property name="url"
			value="jdbc:oracle:thin:@localhost:1521:ORCL" />
		<property name="username" value="harry" />
		<property name="password" value="potter" />
	</bean>

	<bean id="jdbcTemplate"
		class="org.springframework.jdbc.core.JdbcTemplate">
		<property name="dataSource" ref="ds"></property>
	</bean>

	<bean id="dao" class="com.training.spring.pms.dao.ProductDAO">
	</bean>
	
	<bean id="mailSender"
		class="org.springframework.mail.javamail.JavaMailSenderImpl">
		<property name="host" value="smtp.gmail.com" />
		<property name="port" value="465" />
		<property name="username" value="email@gmail.com" />
		<property name="password" value="qvakllctvmidrrfs123" />

		<property name="javaMailProperties">
			<props>
				<prop key="mail.smtp.auth">true</prop>
				<prop key="mail.smtp.starttls.enable">true</prop>
				<prop key="mail.smtp.port">465</prop>
				<prop key="mail.smtp.socketFactory.class">javax.net.ssl.SSLSocketFactory</prop>
				<prop key="mail.smtp.socketFactory.fallback">false</prop>
				<prop key="mail.smtp.auth">true</prop>
				<prop key="mail.smtp.starttls.enable">true</prop>
				<prop key="mail.smtp.auth">true</prop>
				<prop key="mail.smtp.ssl.protocols">TLSv1.2</prop>
				<prop key="mail.smtp.socketFactory.class">javax.net.ssl.SSLSocketFactory</prop>
			</props>
		</property>

	</bean>

	<bean id="mailMail" class="com.training.spring.pms.model.MailMail">
		<property name="mailSender" ref="mailSender" />
		<property name="simpleMailMessage" ref="customeMailMessage" />
	</bean>

	<bean id="customeMailMessage"
		class="org.springframework.mail.SimpleMailMessage">

		<property name="from" value="anjalikakkar18@gmail.com" />
		<property  name="to" value="reciever@snu.edu.in" />
		<property name="subject" value="Testing Subject" />
		<property name="text">
			<value>
			<![CDATA[
				Dear %s,
				Mail Content : %s
			]]>
			</value>
		</property>
	</bean>
	
	<bean id="logAspect"
		class="com.training.spring.pms.log.LoggingAspect" />
	<bean id="authAspect"
		class="com.training.spring.pms.log.AuthAspect" />

</beans>